{
  "recipes": [
    {
      "id": 1,
      "name": "Butter Chicken",
      "cuisine": "indian",
      "prepTime": "45 min",
      "difficulty": "Medium",
      "emoji": "🍛",
      "servings": 4,
      "ingredients": ["500g boneless chicken", "1 cup heavy cream", "2 tbsp butter", "1 large onion", "3 tomatoes", "4 garlic cloves", "1 inch ginger", "2 tbsp tomato paste", "Spices (cumin, coriander, garam masala)", "1/2 cup yogurt", "Salt", "Fresh cilantro"],
      "mood": "comfort",
      "instructions": "Marinate chicken with yogurt and spices for 2 hours. Cook chicken until 80% done. Sauté onions, add ginger-garlic, tomato paste, and spices. Add pureed tomatoes, then cooked chicken. Simmer with cream for 10 minutes. Garnish with cilantro.",
      "detailedSteps": [
        "Marinate chicken pieces with yogurt, half the ginger-garlic, red chili powder, and salt for 2 hours.",
        "Heat oil in a pan and cook marinated chicken until 80% done. Remove and set aside.",
        "In the same pan, melt butter and sauté onions until golden brown.",
        "Add remaining ginger-garlic paste and cook for 1 minute.",
        "Add tomato paste and cook for 2 minutes until oil separates.",
        "Add pureed tomatoes and cook for 5-7 minutes until thick.",
        "Add all spices and cook for 2 minutes.",
        "Add cooked chicken and mix well. Cook for 5 minutes.",
        "Pour in heavy cream and simmer for 10 minutes on low heat.",
        "Adjust seasoning and garnish with fresh cilantro. Serve hot with rice."
      ]
    },
    {
      "id": 2,
      "name": "Chicken Biryani",
      "cuisine": "indian",
      "prepTime": "90 min",
      "difficulty": "Hard",
      "emoji": "🍚",
      "servings": 6,
      "ingredients": ["750g basmati rice", "1kg chicken", "2 large onions", "1 cup yogurt", "4 tbsp ghee", "Whole spices (cardamom, bay leaves, cinnamon)", "Biryani masala", "Mint leaves", "Fried onions", "Saffron", "Salt"],
      "mood": "comfort",
      "instructions": "Soak rice for 30 minutes. Marinate chicken with yogurt and spices. Layer partially cooked rice over chicken. Add fried onions, mint, and saffron. Cook on dum for 45 minutes."
    }
  ],
  "groceryItems": [
    {
      "id": 1,
      "name": "Chicken Breast",
      "price": 250,
      "emoji": "🍗",
      "category": "meat",
      "unit": "500g"
    },
    {
      "id": 2,
      "name": "Basmati Rice",
      "price": 120,
      "emoji": "🍚",
      "category": "grains",
      "unit": "1kg"
    },
    {
      "id": 3,
      "name": "Fresh Tomatoes",
      "price": 40,
      "emoji": "🍅",
      "category": "vegetables",
      "unit": "500g"
    }
  ],
  "users": [
    {
      "id": 1,
      "name": "Test User",
      "email": "test@example.com",
      "phone": "9876543210"
    }
  ],
  "orders": [
    {
      "id": 1,
      "userId": 1,
      "items": [
        {
          "id": 1,
          "name": "Chicken Breast",
          "quantity": 2,
          "price": 250
        }
      ],
      "total": 529,
      "status": "pending",
      "createdAt": "2024-01-15T10:30:00Z"
    }
  ],
  "cart": []
}